refdes,device,x,y,sizex,sizey,rotation
A,33/8P4R/4,-448000.000,15000.000,4920.000,5900.000,270.000
ATX,APW/2*12/BK/VA/SN/2SHK/PA66,-595325.000,499445.000,21650.000,218890.000,0.000
ATX_12V,APW/2*2/BK/P/4.2/SN/PA66,-92978.000,742876.000,27752.000,25497.000,90.000
AUDIO,A3RP/13P/BL,LI,PK/RA/D/1/B,-535.000,259571.000,47600.000,54300.000,90.000
BAT,BAT-SK/BK/P/S/D/SN,-302370.000,290000.000,0.000,78740.000,270.000
BC140,1u/4/X5R/6.3V/K,-465500.000,272000.000,0.000,3140.000,180.000
BC146,0.1u/4/X7R/16V/K/X,-573000.000,439500.000,0.000,3140.000,180.000
BC147,0.1u/4/X7R/16V/K,-573000.000,449000.000,0.000,3140.000,0.000
BC148,1u/4/X5R/6.3V/K,-573000.000,466000.000,0.000,3140.000,0.000
BC149,4.7u/6/X5R/6.3V/K,-565500.000,478500.000,0.000,5600.000,270.000
BC150,0.1u/4/X7R/16V/K,-573000.000,487000.000,0.000,3140.000,180.000
BC151,1u/4/X5R/6.3V/K,-572500.000,543500.000,0.000,3140.000,180.000
BC152,0.1u/4/X7R/16V/K,-572500.000,552500.000,0.000,3140.000,0.000
BC153,0.1u/4/X7R/16V/K,-573000.000,584500.000,0.000,3140.000,0.000
BC154,10u/6/X5R/6.3V/M,-440500.000,293000.000,0.000,5600.000,180.000
BC158,0.1u/4/X7R/16V/K,-579500.000,390000.000,0.000,3140.000,0.000
BC161,0.1u/4/X7R/16V/K/X,-293500.000,18000.000,0.000,3140.000,0.000
BC162,10u/6/X5R/6.3V/M/X,-544000.000,723000.000,0.000,5600.000,0.000
BC164,1n/4/X7R/50V/K,-333500.000,9500.000,0.000,3140.000,180.000
BC179,22u/8/X5R/6.3V/M,-223000.000,330000.000,0.000,7880.000,270.000
BC20,0.1u/4/X7R/16V/K,-117500.000,748500.000,0.000,3140.000,270.000
BC21,0.1u/4/X7R/16V/K,-78500.000,767500.000,0.000,3140.000,90.000
BC5,0.1u/4/X7R/16V/K/X,-2000.000,517500.000,0.000,3140.000,180.000
BC6,0.1u/4/X7R/16V/K/X,-33000.000,498500.000,0.000,3140.000,90.000
BC63,0.1u/4/X7R/16V/K/X,7000.000,585500.000,0.000,3140.000,0.000
BC67,0.01u/4/X7R/25V/K,-440000.000,-14000.000,0.000,3140.000,0.000
BC75,0.01u/4/X7R/25V/K,-462000.000,-23000.000,0.000,3140.000,0.000
BC78,0.01u/4/X7R/25V/K/X,-530500.000,-10000.000,0.000,3140.000,180.000
BC79,1u/4/X5R/6.3V/K,-209500.000,299000.000,0.000,3140.000,270.000
BC8,0.1u/4/X7R/16V/K/X,-44500.000,803500.000,0.000,3140.000,90.000
BC84,1u/4/X5R/6.3V/K,-249500.000,290500.000,0.000,3140.000,90.000
B_BIOS,MASK/32M/SPI/SO8/200mil/S/X,-276000.000,85000.000,28760.000,15000.000,0.000
C100,1u/4/X5R/6.3V/K,-465500.000,280000.000,0.000,3140.000,180.000
C104,1n/4/X7R/50V/K,-509000.000,22500.000,0.000,3140.000,90.000
C119,2.2n/4/X7R/50V/K,-544500.000,712000.000,0.000,3140.000,180.000
C12,0.1u/4/X7R/16V/K/X,-560000.000,402500.000,0.000,3140.000,0.000
C120,1u/6/X7R/16V/K/X,-589500.000,764000.000,0.000,5600.000,90.000
C121,0.1u/4/X7R/16V/K,-585500.000,773000.000,0.000,3140.000,0.000
C131,1u/6/X7R/16V/K,-608000.000,702500.000,0.000,5600.000,180.000
C132,1u/4/X5R/6.3V/K/X,-553000.000,427500.000,0.000,3140.000,180.000
C133,3.3n/4/X7R/50V/K,-574000.000,726000.000,0.000,3140.000,0.000
C134,22p/4/NPO/50V/J,-579500.000,717500.000,0.000,3140.000,0.000
C136,0.1u/4/X7R/16V/K,-579500.000,692000.000,0.000,3140.000,180.000
C143,0.1u/4/X7R/16V/K/X,-547000.000,402500.000,0.000,3140.000,0.000
C144,1n/4/X7R/50V/K/X,-564500.000,471500.000,0.000,3140.000,180.000
C16,0.01u/4/X7R/25V/K,-402000.000,800000.000,0.000,3140.000,180.000
C193,3.3n/4/X7R/50V/K,-597500.000,722500.000,0.000,3140.000,0.000
C31,100p/4/NPO/50V/J/X,-13500.000,599000.000,0.000,3140.000,90.000
C318,0.1u/4/X7R/16V/K,-549500.000,479500.000,0.000,3140.000,0.000
C32,100p/4/NPO/50V/J/X,-13500.000,594500.000,0.000,3140.000,270.000
C322,1u/6/X7R/16V/K,-467500.000,799500.000,0.000,5600.000,0.000
C323,0.1u/4/X7R/16V/K,-439500.000,783500.000,0.000,3140.000,90.000
C33,0.1u/4/X7R/16V/K/X,-13500.000,603500.000,0.000,3140.000,90.000
C34,10p/4/NPO/50V/J/X,-30000.000,617500.000,0.000,3140.000,270.000
C35,10p/4/NPO/50V/J/X,-30000.000,622500.000,0.000,3140.000,270.000
C36,10p/4/NPO/50V/J/X,-30000.000,627500.000,0.000,3140.000,270.000
C37,22p/4/NPO/50V/J/X,-13000.000,617500.000,0.000,3140.000,270.000
C38,22p/4/NPO/50V/J/X,-13000.000,622500.000,0.000,3140.000,270.000
C39,22p/4/NPO/50V/J/X,-13000.000,627500.000,0.000,3140.000,270.000
C40,0.1u/4/X7R/16V/K/X,-39000.000,610000.000,0.000,3140.000,90.000
C76,1n/4/X7R/50V/K,-235500.000,309500.000,0.000,3140.000,90.000
C80,1n/4/X7R/50V/K,-249500.000,303500.000,0.000,3140.000,90.000
C9,0.01u/4/X7R/25V/K,-203500.000,-17500.000,0.000,3140.000,0.000
CBC1,10u/6/X5R/6.3V/M,12000.000,80500.000,0.000,5600.000,0.000
CBC10,10u/6/X5R/6.3V/M,17500.000,33500.000,0.000,5600.000,0.000
CBC11,10u/6/X5R/6.3V/M,-4500.000,80500.000,0.000,5600.000,0.000
CBC12,10u/6/X5R/6.3V/M,17500.000,80500.000,0.000,5600.000,0.000
CBC19,180p/4/NPO/50V/J/X,-11000.000,222000.000,0.000,3140.000,0.000
CBC2,10u/6/X5R/6.3V/M,6500.000,80500.000,0.000,5600.000,0.000
CBC20,180p/4/NPO/50V/J/X,-32000.000,222000.000,0.000,3140.000,0.000
CBC23,180p/4/NPO/50V/J/X,-22000.000,222000.000,0.000,3140.000,0.000
CBC24,180p/4/NPO/50V/J/X,2000.000,222000.000,0.000,3140.000,0.000
CBC26,1n/4/X7R/50V/K,-41000.000,-25000.000,0.000,3140.000,180.000
CBC29,180p/4/NPO/50V/J/X,-65000.000,-25000.000,0.000,3140.000,180.000
CBC3,180p/4/NPO/50V/J/X,14500.000,222000.000,0.000,3140.000,0.000
CBC30,180p/4/NPO/50V/J/X,-53000.000,-25000.000,0.000,3140.000,180.000
CBC32,22p/4/NPO/50V/J/X,-35500.000,50000.000,0.000,3140.000,90.000
CBC34,10u/6/X5R/6.3V/M,-37000.000,35000.000,0.000,5600.000,270.000
CBC35,10u/6/X5R/6.3V/M,-37000.000,41000.000,0.000,5600.000,270.000
CBC36,180p/4/NPO/50V/J/X,-29000.000,-25000.000,0.000,3140.000,180.000
CBC37,180p/4/NPO/50V/J/X,-49000.000,-25000.000,0.000,3140.000,180.000
CBC38,0.1u/4/X7R/16V/K,-35500.000,62500.000,0.000,3140.000,90.000
CBC4,180p/4/NPO/50V/J/X,18500.000,222000.000,0.000,3140.000,0.000
CBC42,100p/4/NPO/50V/J/X,-3500.000,28000.000,0.000,3140.000,90.000
CBC43,100p/4/NPO/50V/J/X,-22000.000,83000.000,0.000,3140.000,0.000
CBC5,10u/6/X5R/6.3V/M,-10000.000,80500.000,0.000,5600.000,180.000
CBC6,10u/6/X5R/6.3V/M,-15500.000,80500.000,0.000,5600.000,180.000
CBC7,10u/6/X5R/6.3V/M,17500.000,49000.000,0.000,5600.000,180.000
CBC8,10u/6/X5R/6.3V/M,17500.000,62500.000,0.000,5600.000,0.000
CBC9,10u/6/X5R/6.3V/M,1000.000,80500.000,0.000,5600.000,0.000
CD1,AZ2225-01L/SOD323/X,-37000.000,82000.000,10.000,10240.000,0.000
CEC1,100uF/D/10V/6*5,13000.000,119000.000,0.000,10000.000,0.000
CEC2,100uF/D/10V/6*5,13000.000,145500.000,0.000,10000.000,0.000
CEC6,100uF/D/10V/6*5,-12500.000,119000.000,0.000,10000.000,0.000
CLR_CMOS,PH/1*2/BK/2.54/VA/D,-423000.000,-10500.000,0.000,10000.000,270.000
COUPON1,COUPON/X,-326000.000,348500.000,0.000,6800.000,270.000
COUPON2,COUPON/X,-326000.000,341500.000,0.000,6800.000,270.000
CQ2,BAT54A/SOT23/200mA,-1500.000,-38000.000,9260.000,7480.000,0.000
CQ4,BAT54A/SOT23/200mA,-18000.000,-38000.000,9260.000,7480.000,0.000
CR1,62/4,15000.000,92500.000,0.000,3140.000,0.000
CR11,62/4,-61000.000,-25000.000,0.000,3140.000,0.000
CR12,0/4/X,-57000.000,-25000.000,0.000,3140.000,0.000
CR13,62/4,-57000.000,-16000.000,0.000,3140.000,0.000
CR14,62/4,10500.000,92500.000,0.000,3140.000,0.000
CR16,8.2K/4,1500.000,92500.000,0.000,3140.000,0.000
CR17,62/4,6000.000,92500.000,0.000,3140.000,0.000
CR18,20K/4/1,10000.000,222000.000,0.000,3140.000,0.000
CR19,8.2K/4,-3000.000,92500.000,0.000,3140.000,0.000
CR20,5.1K/4/1,-2000.000,222000.000,0.000,3140.000,0.000
CR21,2.2/6,5500.000,299500.000,0.000,5600.000,0.000
CR22,62/4,-7500.000,92500.000,0.000,3140.000,0.000
CR23,10K/4/1,-26000.000,222000.000,0.000,3140.000,0.000
CR24,0/4/SHT/M/X,-81500.000,-41500.000,0.000,3140.000,0.000
CR34,20K/4/1,-11500.000,28000.000,0.000,3140.000,90.000
CR44,47/4/1,-41000.000,-16000.000,0.000,3140.000,180.000
CR49,0/4/SHT/M/X,-7500.000,302500.000,0.000,3140.000,270.000
CR5,62/4,18500.000,212500.000,0.000,3140.000,0.000
CR50,0/6/X,-18000.000,51000.000,0.000,5600.000,90.000
CR51,0/6/SHT/M/X,-27500.000,76000.000,0.000,5600.000,90.000
CR53,62/4,-33000.000,-25000.000,0.000,3140.000,0.000
CR54,22K/4,-37000.000,-25000.000,0.000,3140.000,180.000
CR55,20K/4/1,-45000.000,-25000.000,0.000,3140.000,180.000
CR57,62/4,-45000.000,-16000.000,0.000,3140.000,0.000
CR58,22K/4,-49000.000,-16000.000,0.000,3140.000,180.000
CR59,39.2K/4/1,-25000.000,-25000.000,0.000,3140.000,180.000
CR6,22K/4,6000.000,222000.000,0.000,3140.000,0.000
CR60,0/4/SHT/M/X,-35500.000,54000.000,0.000,3140.000,270.000
CR61,22/4,-35500.000,58500.000,0.000,3140.000,90.000
CR63,0/6/SHT/M/X,-37000.000,29000.000,0.000,5600.000,270.000
CR65,0/4/X,-35500.000,46000.000,0.000,3140.000,270.000
CR7,22K/4,-15500.000,222000.000,0.000,3140.000,180.000
CR78,8.2K/4/X,-74000.000,-25000.000,0.000,3140.000,180.000
CR79,0/4/SHT/M/X,-23500.000,162000.000,0.000,3140.000,270.000
CR8,62/4,-6500.000,222000.000,0.000,3140.000,0.000
CR80,0/4/SHT/M/X,-20000.000,28000.000,0.000,3140.000,270.000
CRN1,8.2K/8P4R/4,-33000.000,-15000.000,4920.000,5900.000,180.000
CU1,ALC887-VD2-CG/LQFP48/9V/S,-8000.000,51500.000,33260.000,33260.000,0.000
D3,CD4148WP/1206/300mA,-544500.000,-40000.000,0.000,13000.000,270.000
D4,BAT54A/SOT23/200mA,-582500.000,54500.000,9260.000,7480.000,0.000
D5,SDM20E40C/0.4A/SOT23,-583500.000,662500.000,9260.000,7480.000,270.000
DAC1,1u/6/X7R/16V/K,-257500.000,782500.000,0.000,5600.000,180.000
DAC2,0.22u/6/X7R/16V/K,-357500.000,787000.000,0.000,5600.000,0.000
DAC3,1n/4/X7R/50V/K,-268000.000,733000.000,0.000,3140.000,0.000
DAL1,0.68uH/40A/IMD119/M/D,-241000.000,728000.000,27200.000,24400.000,0.000
DAR1,2.2/6,-296500.000,788500.000,0.000,5600.000,0.000
DAR10,10/4,-391000.000,788000.000,0.000,3140.000,90.000
DAR11,10K/4/1,-409500.000,777000.000,0.000,3140.000,90.000
DAR12,10K/4/1,-409500.000,771500.000,0.000,3140.000,90.000
DAR2,8.2K/4,-291000.000,780000.000,0.000,3140.000,180.000
DAR3,0/6/SHT/M/X,-296500.000,776000.000,0.000,5600.000,0.000
DAR4,0/4/SHT/M/X,-241500.000,729500.000,0.000,3140.000,90.000
DAR5,0/4/SHT/M/X,-241500.000,725500.000,0.000,3140.000,90.000
DAR6,2.2/6,-268000.000,744000.000,0.000,5600.000,0.000
DAR7,3.6K/4/1,-400500.000,788000.000,0.000,3140.000,270.000
DAR8,0/6/SHT/M/X,-363000.000,787000.000,0.000,5600.000,180.000
DAR9,10K/4/1,-400500.000,781500.000,0.000,3140.000,270.000
DBC1,1u/6/X7R/16V/K,-168500.000,782500.000,0.000,5600.000,180.000
DBC10,1u/4/X5R/6.3V/K,-369500.000,787500.000,0.000,3140.000,0.000
DBC11,1u/6/X7R/16V/K,-365500.000,800500.000,0.000,5600.000,0.000
DBC12,1u/4/X5R/6.3V/K,-348000.000,788000.000,0.000,3140.000,0.000
DBC13,0.1u/4/X7R/16V/K,-342000.000,741500.000,0.000,3140.000,180.000
DBC14,470p/4/X7R/50V/K,-364500.000,731000.000,0.000,3140.000,180.000
DBC15,47p/4/NPO/50V/J,-368500.000,741500.000,0.000,3140.000,180.000
DBC16,330p/4/NPO/50V/J,-379000.000,736000.000,0.000,3140.000,90.000
DBC17,180p/4/NPO/50V/J,-385000.000,746500.000,0.000,3140.000,0.000
DBC18,0.1u/4/X7R/16V/K/X,-391000.000,750000.000,0.000,3140.000,270.000
DBC19,0.01u/4/X7R/25V/K/X,-391000.000,758000.000,0.000,3140.000,90.000
DBC2,0.22u/6/X7R/16V/K,-343000.000,779500.000,0.000,5600.000,90.000
DBC20,0.01u/4/X7R/25V/K/X,-379000.000,777000.000,0.000,3140.000,90.000
DBC21,0.22u/6/X7R/16V/K,-380000.000,769500.000,0.000,5600.000,90.000
DBC22,0.22u/6/X7R/16V/K,-380000.000,763500.000,0.000,5600.000,90.000
DBC23,0.22u/6/X7R/16V/K,-380000.000,757500.000,0.000,5600.000,90.000
DBC24,330p/4/NPO/50V/J,-375000.000,787500.000,0.000,3140.000,180.000
DBC25,0.22u/4/X5R/6.3V/K,-380000.000,800000.000,0.000,3140.000,180.000
DBC26,0.22u/4/X5R/6.3V/K,-384000.000,800000.000,0.000,3140.000,0.000
DBC27,0.47u/4/X5R/6.3V/K,-388000.000,800000.000,0.000,3140.000,180.000
DBC28,0.1u/4/X7R/16V/K,-383000.000,787500.000,0.000,3140.000,0.000
DBC3,1n/4/X7R/50V/K,-200500.000,733000.000,0.000,3140.000,0.000
DBC46,1u/6/X7R/16V/K/X,-117000.000,743500.000,0.000,5600.000,270.000
DBC48,0.1u/4/X7R/16V/K,-354500.000,741500.000,0.000,3140.000,180.000
DBL1,0.68uH/40A/IMD119/M/D,-173500.000,728000.000,27200.000,24400.000,0.000
DBR1,2.2/6,-207000.000,782500.000,0.000,5600.000,0.000
DBR10,10/4,-400500.000,762000.000,0.000,3140.000,270.000
DBR11,10K/4/1,-400500.000,777000.000,0.000,3140.000,90.000
DBR12,10K/4/1,-400500.000,766500.000,0.000,3140.000,90.000
DBR2,8.2K/4,-202000.000,780500.000,0.000,3140.000,180.000
DBR3,0/6/SHT/M/X,-213500.000,775000.000,0.000,5600.000,0.000
DBR4,0/4/SHT/M/X,-175700.000,731200.000,0.000,3140.000,90.000
DBR5,0/4/SHT/M/X,-175700.000,726700.000,0.000,3140.000,90.000
DBR6,2.2/6,-200500.000,744000.000,0.000,5600.000,0.000
DBR7,3.6K/4/1,-409500.000,782000.000,0.000,3140.000,270.000
DBR8,0/6/SHT/M/X,-343000.000,774000.000,0.000,5600.000,270.000
DBR9,10K/4/1,-400500.000,771500.000,0.000,3140.000,90.000
DC17,0.1u/4/X7R/16V/K,-557000.000,79500.000,0.000,3140.000,90.000
DCC1,1u/6/X7R/16V/K,-99000.000,635500.000,0.000,5600.000,270.000
DCC2,0.22u/6/X7R/16V/K,-131000.000,722000.000,0.000,5600.000,180.000
DCC3,1n/4/X7R/50V/K,-97500.000,592000.000,0.000,3140.000,90.000
DCC4,1u/6/X7R/16V/K,-123000.000,722000.000,0.000,5600.000,0.000
DCC5,0.1u/4/X7R/16V/K/X,-122000.000,736000.000,0.000,3140.000,0.000
DCL1,0.68uH/40A/IMD119/M/D,-117500.000,560000.000,27200.000,24400.000,0.000
DCQ2,MASK/NTMFS4C08NT1G/PPAK/1113pF/5.8m/X,-125500.000,620500.000,22500.000,15000.000,0.000
DCR1,2.2/6,-108500.000,638500.000,0.000,5600.000,0.000
DCR10,10/4,-391000.000,783000.000,0.000,3140.000,90.000
DCR11,10K/4/1,-391000.000,777500.000,0.000,3140.000,90.000
DCR12,10K/4/1,-391000.000,773000.000,0.000,3140.000,270.000
DCR13,1/6,-117000.000,722000.000,0.000,5600.000,0.000
DCR14,1/6,-117000.000,734000.000,0.000,5600.000,0.000
DCR2,8.2K/4,-116000.000,635000.000,0.000,3140.000,270.000
DCR3,0/6/SHT/M/X,-126500.000,635500.000,0.000,5600.000,90.000
DCR4,0/4/SHT/M/X,-118500.000,563500.000,0.000,3140.000,0.000
DCR5,0/4/SHT/M/X,-123000.000,563500.000,0.000,3140.000,0.000
DCR6,2.2/6,-99500.000,587000.000,0.000,5600.000,270.000
DCR7,3.6K/4/1,-400500.000,792500.000,0.000,3140.000,90.000
DCR8,0/6/SHT/M/X,-138500.000,722000.000,0.000,5600.000,0.000
DCR9,10K/4/1,-391000.000,767000.000,0.000,3140.000,270.000
DCU1,ISL6208BCRZ/DFN8,-130500.000,734000.000,7680.000,5910.000,0.000
DDR3_1,DDR3/240/BK/VA/D,-487740.000,530874.000,22441.000,543308.000,180.000
DDR3_2,DDR3/240/BK/VA/D,-522740.000,530874.000,22441.000,543308.000,180.000
DEC10,270u/FP/D/16V/8C/A/10m,-239000.000,794000.000,16720.000,13780.000,0.000
DEC11,MASK/270u/FP/D/16V/8C/A/10m/X,-150500.000,794000.000,16720.000,13780.000,0.000
DEC12,270u/FP/D/16V/8C/A/10m,-86000.000,654000.000,16720.000,13780.000,0.000
DEC2,560u/FP/D/6.3V/69/A/11m,-155000.000,542000.000,0.000,10000.000,0.000
DEC3,MASK/560u/FP/D/6.3V/69/A/11m/X,-155000.000,570000.000,0.000,10000.000,0.000
DEC4,560u/FP/D/6.3V/69/A/11m,-155000.000,598000.000,0.000,10000.000,0.000
DEC5,MASK/560u/FP/D/6.3V/69/A/11m/X,-198500.000,691000.000,0.000,10000.000,0.000
DEC6,560u/FP/D/6.3V/69/A/11m,-172000.000,691000.000,0.000,10000.000,0.000
DEC7,560u/FP/D/6.3V/69/A/11m,-225000.000,691000.000,0.000,10000.000,0.000
DR100,1K/4/1,-350500.000,741500.000,0.000,3140.000,0.000
DR37,2K/4/1,-342500.000,731000.000,0.000,3140.000,0.000
DR41,2.2/6,-371000.000,800500.000,0.000,5600.000,0.000
DR42,2.2/6,-353500.000,800500.000,0.000,5600.000,0.000
DR43,2.2/6,-347000.000,800500.000,0.000,5600.000,0.000
DR44,100/4/1/X,-345000.000,752500.000,0.000,3140.000,90.000
DR45,100/4/1,-345000.000,756500.000,0.000,3140.000,90.000
DR46,51/4/1,-345000.000,748000.000,0.000,3140.000,270.000
DR47,499/4/1,-351500.000,731000.000,0.000,3140.000,180.000
DR50,169K/4/1/X,-372500.000,741500.000,0.000,3140.000,0.000
DR51,40.2K/4/1,-368500.000,731000.000,0.000,3140.000,180.000
DR52,3.3K/4/1,-379000.000,740000.000,0.000,3140.000,90.000
DR53,1K/4/1,-379000.000,744000.000,0.000,3140.000,90.000
DR54,3K/4/1,-379000.000,748000.000,0.000,3140.000,90.000
DR55,10/4,-391000.000,762000.000,0.000,3140.000,270.000
DR56,0/4/SHT/M/X,-391000.000,754000.000,0.000,3140.000,90.000
DR57,8.06K/4/1,-379000.000,752000.000,0.000,3140.000,270.000
DR58,10/4,-379000.000,781000.000,0.000,3140.000,270.000
DR59,0/4/X,-352000.000,788000.000,0.000,3140.000,0.000
DR60,2.61K/4/1,-391000.000,792500.000,0.000,3140.000,270.000
DR61,41.2K/4/1,-359500.000,741500.000,0.000,3140.000,180.000
DR62,34K/4/1,-345000.000,761000.000,0.000,3140.000,90.000
DR63,64.9K/4/1,-345000.000,769000.000,0.000,3140.000,90.000
DR64,3.24K/4/1,-345000.000,765000.000,0.000,3140.000,90.000
DR66,11K/4/1,-392000.000,800000.000,0.000,3140.000,0.000
DR67,604/4/1,-379000.000,787500.000,0.000,3140.000,0.000
DR68,100/4/1,-376000.000,800000.000,0.000,3140.000,180.000
DR69,27.4K/4/1,-359500.000,731000.000,0.000,3140.000,180.000
DR92,10K/4/1,-346500.000,741500.000,0.000,3140.000,0.000
DRT1,10K/1/4/S,-268000.000,721000.000,0.000,3140.000,0.000
DU1,ISL95812HRZ-T/QFN32,-361500.000,766000.000,15400.000,15400.000,0.000
EC11,MASK/560u/FP/D/6.3V/69/A/11m/X,-583500.000,745500.000,0.000,10000.000,0.000
EC12,560u/FP/D/6.3V/69/A/11m,-555500.000,745500.000,0.000,10000.000,0.000
EC13,1000u/D/6.3V/8C/30m,-557500.000,501000.000,16720.000,13780.000,0.000
EC14,100u/D/10V/57,-602500.000,664500.000,11243.000,10000.000,0.000
EC15,1000u/D/6.3V/8C/30m,-339000.000,70000.000,16720.000,13780.000,0.000
EC16,270u/FP/D/16V/8C/A/10m,-140000.000,142500.000,16720.000,13780.000,0.000
EC6,1000u/D/6.3V/8C/30m,-414000.000,257000.000,16720.000,13780.000,0.000
EC9,1000u/D/6.3V/8C/30m,-568500.000,140000.000,16720.000,13780.000,0.000
EOS,AZ2225-01L/SOD323,-571000.000,523000.000,10.000,10240.000,180.000
ESD1,AZC099-04S/SOT23-6L,-36500.000,452000.000,7480.000,10196.000,270.000
ESD18,AZC099-04S/SOT23-6L,-41500.000,768000.000,7480.000,10196.000,180.000
ESD3,AZC099-04S/SOT23-6L,0.000,599000.000,7480.000,10196.000,270.000
ESD4,AZC099-04S/SOT23-6L,0.000,622500.000,7480.000,10196.000,90.000
ESD5,AZC099-04S/SOT23-6L,-246000.000,-15000.000,7480.000,10196.000,180.000
ESD6,AZC099-04S/SOT23-6L,-303000.000,-15000.000,7480.000,10196.000,180.000
F11,SPR-P260T/6V/8/S,-23500.000,517000.000,0.000,8600.000,90.000
FB1,60/4/3A/S,-22000.000,617500.000,0.000,3140.000,90.000
FB2,60/4/3A/S,-22000.000,622500.000,0.000,3140.000,90.000
FB3,60/4/3A/S,-22000.000,627500.000,0.000,3140.000,90.000
FC1,1u/6/X7R/16V/K/X,-185000.000,-15000.000,0.000,5600.000,0.000
FC3,1u/4/X5R/6.3V/K,-149000.000,-11000.000,0.000,3140.000,270.000
FC4,10u/8/X5R/16V/K,-161500.000,-37000.000,0.000,7880.000,180.000
FF1,SPR-P200T/6V/8/S,-322500.000,-9500.000,0.000,8600.000,180.000
FPESD1,AZC099-04S/SOT23-6L,-453000.000,-18500.000,7480.000,10196.000,180.000
FR1,SPR-P200T/6V/8/S,-38500.000,788000.000,0.000,8600.000,0.000
FR2,1K/4/1,-132000.000,-11000.000,0.000,3140.000,90.000
FR3,22K/4,-140500.000,-11000.000,0.000,3140.000,90.000
FR4,8.2K/4/X,-157500.000,-11000.000,0.000,3140.000,270.000
FU14,NCT3941S-A/SOP8-EP,-137500.000,-24000.000,21160.000,15000.000,0.000
F_PANEL,PH/2*10K10,12,13/WH/2.54/VA/D,-466000.000,-38500.000,90000.000,10000.000,0.000
F_USB1,PH/2*5K9/WH/2.54/VA/D,-299000.000,-34500.000,10000.000,40000.000,90.000
F_USB2,PH/2*5K9/WH/2.54/VA/D,-242000.000,-34500.000,10000.000,40000.000,90.000
G,NTMFS4C10NT1G/PPAK/970pF/7.3m,-556500.000,684000.000,22500.000,15000.000,0.000
G#10,NTMFS4C08NT1G/PPAK/1113pF/5.8m,-164500.000,764000.000,22500.000,15000.000,180.000
G#11,NTMFS4C08NT1G/PPAK/1113pF/5.8m,-188000.000,791000.000,22500.000,15000.000,270.000
G#12,NTMFS4C08NT1G/PPAK/1113pF/5.8m,-248000.000,764000.000,22500.000,15000.000,180.000
G#13,NTMFS4C08NT1G/PPAK/1113pF/5.8m,-277000.000,791000.000,22500.000,15000.000,270.000
G#14,100uF/D/10V/6*5,-12500.000,145500.000,0.000,10000.000,0.000
G#2,NTMFS4C10NT1G/PPAK/970pF/7.3m,-598500.000,636000.000,22500.000,15000.000,270.000
G#3,NTMFS4C10NT1G/PPAK/970pF/7.3m,-537500.000,189500.000,22500.000,15000.000,270.000
G#4,NTMFS4C10NT1G/PPAK/970pF/7.3m,-380000.000,267500.000,22500.000,15000.000,0.000
G#5,25M/20p/30ppm/49US/20/D,-70500.000,194000.000,0.000,20000.000,180.000
G#6,MASK/NTMFS4C08NT1G/PPAK/1113pF/5.8m/X,-195500.000,764000.000,22500.000,15000.000,0.000
G#7,MASK/NTMFS4C08NT1G/PPAK/1113pF/5.8m/X,-278500.000,764000.000,22500.000,15000.000,0.000
G#8,NTMFS4C08NT1G/PPAK/1113pF/5.8m,-125500.000,596000.000,22500.000,15000.000,0.000
G#9,NTMFS4C08NT1G/PPAK/1113pF/5.8m,-95000.000,620500.000,22500.000,15000.000,0.000
G2,32M/SPI/SO8/200mil/S,-275500.000,55000.000,25600.000,28500.000,90.000
G2#2,PCI-E/1X-36P/BK/OL,-180445.000,106075.000,25590.000,81890.000,270.000
G2#3,PH/2*5K8/BK/2.54/VA/D,-52500.000,-40500.000,10000.000,40000.000,90.000
K1,K1_ICT/X,18000.000,-43400.000,6496.000,227.000,0.000
K2,K1_ICT/X,-1500.000,783520.000,6496.000,227.000,0.000
K3,K1_ICT/X,-607000.000,-42500.000,6496.000,227.000,90.000
K4,K1_ICT/X,18000.000,-43400.000,6496.000,227.000,180.000
K5,K1_ICT/X,-1500.000,783520.000,6496.000,227.000,180.000
K6,K1_ICT/X,-607000.000,-42500.000,6496.000,227.000,180.000
KB_MS,KB/MS/6P/PC99/OS/RA/D/2,-311.000,783619.000,53200.000,52600.000,270.000
L3,1uH/36A/IMD109/M/D,-561500.000,625500.000,22900.000,24800.000,0.000
L4,1uH/36A/IMD109/M/D,-561500.000,783500.000,22900.000,24800.000,0.000
LABC14,0.1u/4/X7R/16V/K,-46000.000,170500.000,0.000,3140.000,180.000
LABC18,0.1u/4/X7R/16V/K,-45500.000,132000.000,0.000,3140.000,180.000
LABC2,1u/4/X5R/6.3V/K,-40000.000,144000.000,0.000,3140.000,90.000
LABC20,4.7u/6/X5R/6.3V/K,-37500.000,133000.000,0.000,5600.000,270.000
LABC22,0.01u/4/X7R/25V/K/X,-68500.000,348500.000,0.000,3140.000,0.000
LABC23,0.1u/4/X7R/16V/K/X,-10000.000,408000.000,0.000,3140.000,0.000
LABC24,0.1u/4/X7R/16V/K/X,-68500.000,357000.000,0.000,3140.000,180.000
LABC25,0/4/SHT/M/X,-68000.000,389000.000,0.000,3140.000,180.000
LABC27,4.7u/6/X5R/6.3V/K,-46500.000,181500.000,0.000,5600.000,180.000
LABC3,0.1u/4/X7R/16V/K,-73000.000,148500.000,0.000,3140.000,270.000
LABC4,100p/4/NPO/50V/J/X,-70500.000,132000.000,0.000,3140.000,180.000
LABC5,0.1u/4/X7R/16V/K,-73000.000,157500.000,0.000,3140.000,270.000
LABC6,0.1u/4/X7R/16V/K,-73000.000,154000.000,0.000,3140.000,270.000
LABC7,0.1u/4/X7R/16V/K/X,-15000.000,408000.000,0.000,3140.000,0.000
LABC8,0.1u/4/X7R/16V/K,-41500.000,158500.000,0.000,3140.000,0.000
LABC9,0.1u/4/X7R/16V/K,-57500.000,170500.000,0.000,3140.000,0.000
LAC1,0.1u/4/X7R/16V/K,-63000.000,132000.000,0.000,3140.000,180.000
LAC2,0.1u/4/X7R/16V/K,-57500.000,132000.000,0.000,3140.000,180.000
LAC3,0.1u/4/X7R/16V/K,-53500.000,132000.000,0.000,3140.000,180.000
LAC4,0.1u/4/X7R/16V/K,-67000.000,132000.000,0.000,3140.000,180.000
LAC5,27p/4/NPO/50V/J,-57000.000,186500.000,0.000,3140.000,0.000
LAC6,27p/4/NPO/50V/J,-57000.000,194500.000,0.000,3140.000,180.000
LAESD2,AZC099-04S.R7G/SOT23-6L/X,-49000.000,310500.000,7480.000,10196.000,180.000
LAESD3,AZC099-04S.R7G/SOT23-6L/X,-35000.000,310500.000,7480.000,10196.000,180.000
LAFB2,0/6/SHT/M/X,-69500.000,338500.000,0.000,5600.000,0.000
LAR1,8.2K/4/X,-49500.000,132000.000,0.000,3140.000,0.000
LAR12,2.49K/4/1,-50500.000,170500.000,0.000,3140.000,0.000
LAR13,150/4/1,-73000.000,357000.000,0.000,3140.000,0.000
LAR24,0/6/SHT/M/X,17500.000,527000.000,0.000,5600.000,0.000
LAR4,1K/4/1,-73000.000,139000.000,0.000,3140.000,270.000
LAR5,15K/4/1/X,-73000.000,143000.000,0.000,3140.000,90.000
LAR8,0/6/SHT/M/X,-75000.000,162000.000,0.000,5600.000,90.000
LAR9,0/6/SHT/M/X,-37500.000,127500.000,0.000,5600.000,90.000
LAU1,RTL8111G-CG/QFN32,-54500.000,151500.000,15400.000,15400.000,270.000
LGA1150,HASWELL,-278150.000,528380.000,295260.000,295260.000,0.000
MAF1,SPR-P200T/6V/8/S,-458000.000,303000.000,0.000,8600.000,270.000
MBC1,0.1u/4/X7R/16V/K,-541000.000,452000.000,0.000,3140.000,180.000
MBC10,0.1u/4/X7R/16V/K,-505000.000,285500.000,0.000,3140.000,0.000
MBC12,0.1u/4/X7R/16V/K,-541500.000,515000.000,0.000,3140.000,180.000
MBC14,0.1u/4/X7R/16V/K,-541500.000,572000.000,0.000,3140.000,180.000
MBC15,1u/4/X5R/6.3V/K,-541000.000,485000.000,0.000,3140.000,180.000
MBC17,1u/4/X5R/6.3V/K,-468000.000,454000.000,0.000,3140.000,0.000
MBC18,1u/4/X5R/6.3V/K,-505000.000,276000.000,0.000,3140.000,180.000
MBC2,0.1u/4/X7R/16V/K,-468000.000,500000.000,0.000,3140.000,180.000
MBC24,0.1u/4/X7R/16V/K/X,-467500.000,525000.000,0.000,3140.000,90.000
MBC27,1u/4/X5R/6.3V/K/X,-505000.000,529000.000,0.000,3140.000,180.000
MBC29,1u/4/X5R/6.3V/K/X,-505000.000,480000.000,0.000,3140.000,180.000
MBC3,0.1u/4/X7R/16V/K,-467500.000,548500.000,0.000,3140.000,90.000
MBC35,1u/4/X5R/6.3V/K/X,-505000.000,459000.000,0.000,3140.000,0.000
MBC36,1u/4/X5R/6.3V/K,-566500.000,599000.000,0.000,3140.000,180.000
MBC37,1u/4/X5R/6.3V/K/X,-505000.000,450000.000,0.000,3140.000,180.000
MBC40,10u/6/X5R/6.3V/M,-468000.000,293000.000,0.000,5600.000,0.000
MBC47,1u/4/X5R/6.3V/K/X,-505000.000,554000.000,0.000,3140.000,0.000
MBC9,1u/4/X5R/6.3V/K/X,-468000.000,479500.000,0.000,3140.000,0.000
MC1,0.1u/4/X7R/16V/K/X,-470000.000,775000.000,0.000,3140.000,0.000
MC10,100p/4/NPO/50V/J/X,-505000.000,300500.000,0.000,3140.000,0.000
MC11,100p/4/NPO/50V/J/X,-505000.000,293000.000,0.000,3140.000,180.000
MC14,0.1u/4/X7R/16V/K/X,-541000.000,476000.000,0.000,3140.000,0.000
MC2,0.1u/4/X7R/16V/K/X,-505000.000,308500.000,0.000,3140.000,0.000
MC4,0.1u/4/X7R/16V/K/X,-468500.000,303000.000,0.000,3140.000,0.000
MC5,0.1u/4/X7R/16V/K/X,-505000.000,494000.000,0.000,3140.000,180.000
MC6,100p/4/NPO/50V/J/X,-505000.000,589000.000,0.000,3140.000,0.000
MC9,0.1u/4/X7R/16V/K/X,-470000.000,784000.000,0.000,3140.000,180.000
MEC1,560u/FP/D/6.3V/69/A/11m,-447000.000,522000.000,0.000,10000.000,0.000
MEC2,560u/FP/D/6.3V/69/A/11m,-555500.000,586000.000,0.000,10000.000,0.000
MH1,HOLE_3/X,0.000,0.000,23000.000,20940.000,0.000
MH2,HOLE_3/X,0.000,180000.000,23000.000,20940.000,180.000
MH3,HOLE_3/X,-89990.000,800850.000,20621.000,21300.000,0.000
MH4,180p/8P4C/6/NPO/50V/K,-41500.000,752500.000,6700.000,9440.000,90.000
MH5,HOLE_3/X,-610850.000,180010.000,20621.000,21300.000,270.000
MH6,HOLE_3/X,-610862.000,10.000,20621.000,21300.000,270.000
MR10,1K/4/1,-541000.000,468000.000,0.000,3140.000,180.000
MR11,1K/4/1,-541000.000,460000.000,0.000,3140.000,180.000
MR14,1K/4/1,-505000.000,503000.000,0.000,3140.000,0.000
MR15,1K/4/1,-505000.000,512000.000,0.000,3140.000,180.000
MR4,1K/4/1,-462000.000,775000.000,0.000,3140.000,180.000
MR5,1K/4/1,-466000.000,775000.000,0.000,3140.000,0.000
MR8,1K/4/1,-462000.000,784000.000,0.000,3140.000,0.000
MR9,1K/4/1,-466000.000,784000.000,0.000,3140.000,180.000
NBC19,1u/4/X5R/6.3V/K,-480000.000,129000.000,0.000,3140.000,0.000
NBC2,1u/4/X5R/6.3V/K,-247000.000,45500.000,0.000,3140.000,270.000
NBC20,1u/4/X5R/6.3V/K,-397000.000,46000.000,0.000,3140.000,90.000
NBC21,0.1u/4/X7R/16V/K,-397000.000,64000.000,0.000,3140.000,270.000
NBC22,1u/4/X5R/6.3V/K,-397000.000,75000.000,0.000,3140.000,90.000
NBC23,0.1u/4/X7R/16V/K,-421000.000,139000.000,0.000,3140.000,180.000
NBC26,1u/4/X5R/6.3V/K,-567500.000,109000.000,0.000,3140.000,270.000
NBC27,1u/4/X5R/6.3V/K,-397000.000,58000.000,0.000,3140.000,90.000
NBC28,1u/4/X5R/6.3V/K,-497000.000,129000.000,0.000,3140.000,0.000
NBC3,1u/4/X5R/6.3V/K/X,-252000.000,77500.000,0.000,3140.000,270.000
NBC30,1u/4/X5R/6.3V/K,-440500.000,133000.000,0.000,3140.000,180.000
NBC44,1u/4/X5R/6.3V/K,-397000.000,116000.000,0.000,3140.000,90.000
NBC46,0.1u/4/X7R/16V/K,-397000.000,99500.000,0.000,3140.000,270.000
NBC47,0.1u/4/X7R/16V/K/X,-478000.000,22000.000,0.000,3140.000,270.000
NBC49,0.1u/4/X7R/16V/K,-478000.000,18500.000,0.000,3140.000,270.000
NBC51,0.1u/4/X7R/16V/K,-487000.000,18500.000,0.000,3140.000,270.000
NBC52,1u/4/X5R/6.3V/K,-487000.000,22000.000,0.000,3140.000,90.000
NBC54,1u/4/X5R/6.3V/K,-497000.000,15500.000,0.000,3140.000,0.000
NBC55,1u/4/X5R/6.3V/K,-373500.000,69000.000,0.000,3140.000,0.000
NBC56,1u/4/X5R/6.3V/K,-505000.000,133000.000,0.000,3140.000,270.000
NBC57,0.1u/4/X7R/16V/K,-505000.000,128000.000,0.000,3140.000,270.000
NBC58,1u/4/X5R/6.3V/K,-507500.000,91000.000,0.000,3140.000,270.000
NBC60,1u/4/X5R/6.3V/K/X,-543000.000,38500.000,0.000,3140.000,90.000
NBC62,0.1u/4/X7R/16V/K/X,-199500.000,241500.000,0.000,3140.000,90.000
NBC63,0.1u/4/X7R/16V/K/X,-554000.000,70500.000,0.000,3140.000,90.000
NBC64,1u/4/X5R/6.3V/K,-521000.000,-10000.000,0.000,3140.000,0.000
NBC65,1u/4/X5R/6.3V/K,-530500.000,-1500.000,0.000,3140.000,180.000
NBC66,22u/8/X5R/6.3V/M,-576500.000,205000.000,0.000,7880.000,90.000
NBC67,0.1u/4/X7R/16V/K,-606000.000,242500.000,0.000,3140.000,180.000
NBC68,1u/4/X5R/6.3V/K,-583500.000,253500.000,0.000,3140.000,90.000
NBC7,10u/6/X5R/6.3V/M,-374500.000,79000.000,0.000,5600.000,180.000
NBC82,0.1u/4/X7R/16V/K,-529500.000,50500.000,0.000,3140.000,270.000
NBC83,0.1u/4/X7R/16V/K,-529500.000,55000.000,0.000,3140.000,270.000
NC1,10p/4/NPO/50V/J/X,-305000.000,56000.000,0.000,3140.000,90.000
NC15,1u/4/X5R/6.3V/K,-487000.000,10500.000,0.000,3140.000,90.000
NC16,18P/4/NPO/50V/J,-530500.000,18500.000,0.000,3140.000,180.000
NC17,1n/4/X7R/50V/K,-492000.000,-1500.000,0.000,3140.000,0.000
NC18,18P/4/NPO/50V/J,-530500.000,10500.000,0.000,3140.000,0.000
NC19,1u/4/X5R/6.3V/K,-517000.000,-1500.000,0.000,3140.000,0.000
NC2,10p/4/NPO/50V/J/X,-247000.000,62500.000,0.000,3140.000,90.000
NC20,1u/4/X5R/6.3V/K,-420500.000,-20500.000,0.000,3140.000,0.000
NC23,1u/4/X5R/6.3V/K,-581000.000,42000.000,0.000,3140.000,90.000
NC26,100p/4/NPO/50V/J/X,-529500.000,60500.000,0.000,3140.000,90.000
NC37,0/4/SHT/M/X,-583500.000,284000.000,0.000,3140.000,90.000
NC38,0/4/SHT/M/X,-583500.000,280000.000,0.000,3140.000,90.000
NC39,0/4/SHT/M/X,-583500.000,292000.000,0.000,3140.000,270.000
NC40,0/4/SHT/M/X,-583500.000,288000.000,0.000,3140.000,270.000
NC41,0/4/SHT/M/X,-583500.000,276000.000,0.000,3140.000,270.000
NC42,0/4/SHT/M/X,-583500.000,272000.000,0.000,3140.000,270.000
NC43,0/4/SHT/M/X,-583500.000,268000.000,0.000,3140.000,90.000
NC44,0/4/SHT/M/X,-583500.000,264000.000,0.000,3140.000,90.000
NC45,0/4/SHT/M/X,-583500.000,330000.000,0.000,3140.000,270.000
NC46,0/4/SHT/M/X,-583500.000,334000.000,0.000,3140.000,270.000
NC47,0/4/SHT/M/X,-583500.000,346000.000,0.000,3140.000,270.000
NC48,0/4/SHT/M/X,-583500.000,350000.000,0.000,3140.000,270.000
NC51,0.01u/4/X7R/25V/K/X,-502500.000,-1000.000,0.000,3140.000,180.000
NC54,0/4/SHT/M/X,-583500.000,358000.000,0.000,3140.000,90.000
NC55,0/4/SHT/M/X,-583500.000,354000.000,0.000,3140.000,90.000
NC56,0/4/SHT/M/X,-583500.000,342000.000,0.000,3140.000,90.000
NC57,0/4/SHT/M/X,-583500.000,338000.000,0.000,3140.000,90.000
NC58,1n/4/X7R/50V/K,-567500.000,103000.000,0.000,3140.000,270.000
NC59,1n/4/X7R/50V/K,-567500.000,58500.000,0.000,3140.000,270.000
NC60,22p/4/NPO/50V/J,-391500.000,24500.000,0.000,3140.000,0.000
NC61,22p/4/NPO/50V/J,-399500.000,24500.000,0.000,3140.000,0.000
NC7,15p/4/NPO/50V/J,-346500.000,116500.000,0.000,3140.000,180.000
NC8,15p/4/NPO/50V/J,-346500.000,100500.000,0.000,3140.000,0.000
ND1,BAS40-05/0.2A/SOT23,-223500.000,263000.000,9260.000,7480.000,180.000
NQ13,MASK/MMBT2222A/SOT23/600mA/40/X,-571500.000,94500.000,9260.000,7480.000,0.000
NQ17,2N7002/SOT23/25pF/5,-365000.000,80000.000,9260.000,7480.000,270.000
NQ18,MMBT2222A/SOT23/600mA/40,-582500.000,81000.000,9260.000,7480.000,0.000
NQ19,2N7002/SOT23/25pF/5,-582500.000,68000.000,9260.000,7480.000,0.000
NQ9,L1117LG/N/SOT223/1A,-589000.000,228500.000,24800.000,18200.000,90.000
NR1,8.2K/4/X,-305000.000,73000.000,0.000,3140.000,90.000
NR10,8.2K/4/X,-247000.000,66500.000,0.000,3140.000,270.000
NR106,1K/4/1,-517000.000,60500.000,0.000,3140.000,270.000
NR108,51/4/1,-517000.000,66500.000,0.000,3140.000,90.000
NR11,1K/4/1/X,-261500.000,116500.000,0.000,3140.000,270.000
NR114,MASK/8.2K/4/X,-517000.000,122000.000,0.000,3140.000,90.000
NR12,0/4/SHT/M/X,-252000.000,81500.000,0.000,3140.000,270.000
NR122,499/4/1,-543000.000,42000.000,0.000,3140.000,90.000
NR123,499/4/1,-543000.000,46000.000,0.000,3140.000,90.000
NR130,8.2K/4,-517000.000,54000.000,0.000,3140.000,90.000
NR131,680/4/1,-567500.000,50500.000,0.000,3140.000,90.000
NR132,1.47K/4/1,-567500.000,54500.000,0.000,3140.000,270.000
NR144,1K/4/1,-517000.000,85000.000,0.000,3140.000,90.000
NR15,1M/4,-346500.000,108500.000,0.000,3140.000,0.000
NR172,20K/4/1,-517000.000,81000.000,0.000,3140.000,90.000
NR173,8.2K/4,-517000.000,136500.000,0.000,3140.000,90.000
NR174,8.2K/4,-517000.000,132500.000,0.000,3140.000,90.000
NR176,301/4/1,-606000.000,225500.000,0.000,3140.000,180.000
NR18,7.5K/4/1,-397000.000,104000.000,0.000,3140.000,90.000
NR180,510/4/1,-606000.000,234000.000,0.000,3140.000,180.000
NR184,MASK/8.2K/4/X,-582000.000,92000.000,0.000,3140.000,180.000
NR185,8.2K/4,-360500.000,68000.000,0.000,3140.000,0.000
NR2,8.2K/4/X,-305000.000,77500.000,0.000,3140.000,90.000
NR20,1K/4/1/X,-287500.000,98500.000,0.000,3140.000,90.000
NR202,22K/4,-586500.000,92000.000,0.000,3140.000,0.000
NR203,75K/4/1,-581000.000,38000.000,0.000,3140.000,270.000
NR204,27K/4/1,-581000.000,46000.000,0.000,3140.000,270.000
NR21,1K/4/1/X,-294000.000,113500.000,0.000,3140.000,180.000
NR26,33/4,-387500.000,58000.000,0.000,3140.000,270.000
NR29,7.5K/4/1,-397000.000,108000.000,0.000,3140.000,270.000
NR3,1K/4/1/X,-277500.000,98500.000,0.000,3140.000,90.000
NR30,8.2K/4,-397000.000,112000.000,0.000,3140.000,90.000
NR33,33/4,-387500.000,54000.000,0.000,3140.000,270.000
NR34,649/4/1,-387500.000,64000.000,0.000,3140.000,90.000
NR340,0/6/SHT/M/X,-356500.000,283500.000,0.000,5600.000,0.000
NR341,0/4/SHT/M/X,-247000.000,58500.000,0.000,3140.000,90.000
NR342,0/4/SHT/M/X,-305000.000,68500.000,0.000,3140.000,90.000
NR343,0/4/SHT/M/X,-252000.000,90500.000,0.000,3140.000,270.000
NR344,0/4/SHT/M/X,-305000.000,82500.000,0.000,3140.000,90.000
NR345,1K/4/1,-567500.000,84000.000,0.000,3140.000,90.000
NR346,100K/4/1,-567500.000,79500.000,0.000,3140.000,270.000
NR35,1K/4/1,-39000.000,579500.000,0.000,3140.000,90.000
NR36,1K/4/1,-39000.000,595000.000,0.000,3140.000,90.000
NR37,33/4,-395500.000,24500.000,0.000,3140.000,180.000
NR38,33/4,-407500.000,24500.000,0.000,3140.000,180.000
NR39,33/4,-403500.000,24500.000,0.000,3140.000,0.000
NR4,0/4/SHT/M/X,-247000.000,41500.000,0.000,3140.000,270.000
NR40,7.5K/4/1,-417000.000,139000.000,0.000,3140.000,0.000
NR47,22.6/4/1,-445000.000,25000.000,0.000,3140.000,180.000
NR49,8.2K/4,-458500.000,14500.000,0.000,3140.000,0.000
NR5,8.2K/4,-305000.000,64000.000,0.000,3140.000,270.000
NR50,7.5K/4/1,-446000.000,133000.000,0.000,3140.000,0.000
NR51,1K/4/1,-458500.000,24500.000,0.000,3140.000,180.000
NR54,8.2K/4/X,-443000.000,-2500.000,0.000,3140.000,180.000
NR6,0/4/SHT/M/X,-305000.000,60000.000,0.000,3140.000,270.000
NR62,8.2K/4/X,-478000.000,10500.000,0.000,3140.000,270.000
NR63,8.2K/4/X,-478000.000,14500.000,0.000,3140.000,90.000
NR67,390K/4,-487000.000,14500.000,0.000,3140.000,90.000
NR68,7.5K/4/1,-484500.000,129000.000,0.000,3140.000,0.000
NR69,8.2K/4,-493500.000,-11500.000,0.000,3140.000,180.000
NR7,0/4/SHT/M/X,-305000.000,52000.000,0.000,3140.000,90.000
NR71,5.1/4/1,-497000.000,24500.000,0.000,3140.000,0.000
NR74,1M/4,-513000.000,-1500.000,0.000,3140.000,0.000
NR75,10M/4,-526500.000,13500.000,0.000,3140.000,180.000
NR76,1K/4/1,-496500.000,-1500.000,0.000,3140.000,0.000
NR77,20K/4/1,-521000.000,-1500.000,0.000,3140.000,0.000
NR78,20K/4/1,-424500.000,-20500.000,0.000,3140.000,0.000
NR8,0/4/SHT/M/X,-305000.000,87500.000,0.000,3140.000,90.000
NR85,0/4/X,-517000.000,128000.000,0.000,3140.000,270.000
NR9,8.2K/4,-270500.000,134500.000,0.000,3140.000,270.000
NR90,390K/4,-506500.000,-1500.000,0.000,3140.000,180.000
NR96,1K/4/1,-518000.000,20500.000,0.000,3140.000,180.000
NRB,1K/4/1,-260500.000,272000.000,0.000,3140.000,270.000
NRN10,8.2K/8P4R/4,-554500.000,47000.000,4920.000,5900.000,180.000
NRN11,8.2K/8P4R/4,-554500.000,106000.000,4920.000,5900.000,180.000
NRN12,8.2K/8P4R/4,-554500.000,115500.000,4920.000,5900.000,180.000
NRN13,8.2K/8P4R/4,-554500.000,96000.000,4920.000,5900.000,180.000
NRN16,8.2K/8P4R/4,-368500.000,54000.000,4920.000,5900.000,0.000
NRN17,8.2K/8P4R/4,-407000.000,139500.000,4920.000,5900.000,0.000
NRN18,1K/8P4R/4,-530500.000,106000.000,4920.000,5900.000,180.000
NRN2,8.2K/8P4R/4,-450000.000,-2500.000,4920.000,5900.000,90.000
NRN20,8.2K/8P4R/4,-484500.000,-2500.000,4920.000,5900.000,90.000
NRN21,8.2K/8P4R/4,-580000.000,106000.000,4920.000,5900.000,180.000
NRN22,200/8P4R/4,-530500.000,74500.000,4920.000,5900.000,180.000
NRN23,100/8P4R/4,-515500.000,74500.000,4920.000,5900.000,180.000
NRN24,8.2K/8P4R/4,-542500.000,84500.000,4920.000,5900.000,180.000
NRN25,1K/8P4R/4,-516200.000,31500.000,4920.000,5900.000,270.000
NRN3,8.2K/8P4R/4,-460000.000,-2500.000,4920.000,5900.000,90.000
NRN4,8.2K/8P4R/4,-472000.000,-2500.000,4920.000,5900.000,270.000
NRN6,8.2K/8P4R/4,-554500.000,35000.000,4920.000,5900.000,0.000
NRN7,8.2K/8P4R/4,-472000.000,-20000.000,4920.000,5900.000,90.000
NRN9,8.2K/8P4R/4,-554500.000,63500.000,4920.000,5900.000,180.000
NTP1,TP/X,-450500.000,84000.000,0.000,0.000,0.000
NTP2,TP/X,-460000.000,63000.000,0.000,0.000,0.000
NTP3,TP/X,-468000.000,66500.000,0.000,0.000,0.000
NX1,25M/12p/30ppm/49US/20/D,-334000.000,110000.000,0.000,20000.000,180.000
NX2,32.768K/12.5p/20ppm/TF38/35K/D,-546000.000,6700.000,26600.000,20000.000,90.000
OC1,1n/4/X7R/50V/K,-103000.000,281500.000,0.000,3140.000,270.000
OC10,0.1u/4/X7R/16V/K/X,-103000.000,246500.000,0.000,3140.000,270.000
OC11,10u/6/X5R/6.3V/M,-178500.000,234500.000,0.000,5600.000,0.000
OC12,1u/4/X5R/6.3V/K/X,-172000.000,228000.000,0.000,3140.000,180.000
OC13,10u/6/X5R/6.3V/M,-188000.000,319500.000,0.000,5600.000,90.000
OC14,0.1u/4/X7R/16V/K/X,-103000.000,238500.000,0.000,3140.000,90.000
OC15,0.1u/4/X7R/16V/K,-159500.000,320000.000,0.000,3140.000,180.000
OC16,1u/4/X5R/6.3V/K,-189500.000,282000.000,0.000,3140.000,90.000
OC17,1u/4/X5R/6.3V/K,-189500.000,278500.000,0.000,3140.000,90.000
OC18,1u/4/X5R/6.3V/K/X,-189500.000,241500.000,0.000,3140.000,270.000
OC19,1u/4/X5R/6.3V/K/X,-189500.000,311000.000,0.000,3140.000,270.000
OC2,22p/4/NPO/50V/J/X,-122500.000,236000.000,0.000,3140.000,0.000
OC20,1u/4/X5R/6.3V/K/X,-189500.000,286500.000,0.000,3140.000,270.000
OC21,1u/4/X5R/6.3V/K/X,-189500.000,307000.000,0.000,3140.000,270.000
OC22,1u/4/X5R/6.3V/K,-189500.000,303000.000,0.000,3140.000,270.000
OC23,1u/4/X5R/6.3V/K/X,-189500.000,295000.000,0.000,3140.000,270.000
OC24,1u/4/X5R/6.3V/K,-189500.000,299000.000,0.000,3140.000,270.000
OC25,1u/4/X5R/6.3V/K/X,-189500.000,291500.000,0.000,3140.000,90.000
OC26,1u/4/X5R/6.3V/K/X,-173000.000,320000.000,0.000,3140.000,180.000
OC27,1u/4/X5R/6.3V/K,-167500.000,320000.000,0.000,3140.000,0.000
OC28,1u/4/X5R/6.3V/K/X,-164000.000,320000.000,0.000,3140.000,0.000
OC3,0.1u/4/X7R/16V/K,-172000.000,236000.000,0.000,3140.000,0.000
OC4,1u/4/X5R/6.3V/K,-189500.000,253500.000,0.000,3140.000,90.000
OC5,0.01u/4/X7R/25V/K,-189500.000,263500.000,0.000,3140.000,270.000
OC6,1u/4/X5R/6.3V/K,-189500.000,246000.000,0.000,3140.000,90.000
OC7,0.1u/4/X7R/16V/K,-114500.000,236000.000,0.000,3140.000,0.000
OC8,0.1u/4/X7R/16V/K/X,-118500.000,236000.000,0.000,3140.000,0.000
OC9,1u/4/X5R/6.3V/K/X,-106500.000,311500.000,0.000,3140.000,180.000
OQ1,2N7002/SOT23/25pF/5,-184000.000,329500.000,9260.000,7480.000,0.000
OR1,1K/4/1,-93500.000,267000.000,0.000,3140.000,90.000
OR13,8.2K/4,-119500.000,322000.000,0.000,3140.000,90.000
OR14,1K/4/1,-126500.000,236000.000,0.000,3140.000,180.000
OR16,1K/4/1,-93500.000,262500.000,0.000,3140.000,90.000
OR17,1K/4/1,-93500.000,249000.000,0.000,3140.000,90.000
OR18,1K/4/1,-93500.000,253500.000,0.000,3140.000,90.000
OR19,8.2K/4,-103500.000,299000.000,0.000,3140.000,270.000
OR24,8.2K/4/X,-93500.000,271000.000,0.000,3140.000,90.000
OR25,8.2K/4/X,-103000.000,267000.000,0.000,3140.000,90.000
OR26,100/4/1,-166000.000,228000.000,0.000,3140.000,180.000
OR27,8.2K/4,-119500.000,318000.000,0.000,3140.000,90.000
OR28,8.2K/4,-195000.000,328000.000,0.000,3140.000,180.000
OR3,8.2K/4,-103000.000,277500.000,0.000,3140.000,90.000
OR30,680/4/1,-189500.000,258000.000,0.000,3140.000,270.000
OR31,1K/4/1/X,-199500.000,258000.000,0.000,3140.000,270.000
OR32,10K/4/1,-199500.000,278500.000,0.000,3140.000,270.000
OR33,8.2K/4,-189500.000,274000.000,0.000,3140.000,270.000
OR34,8.2K/4,-199500.000,274000.000,0.000,3140.000,90.000
OR35,1M/4,-199500.000,246000.000,0.000,3140.000,270.000
OR36,8.2K/4,-199500.000,319000.000,0.000,3140.000,270.000
OR37,8.2K/4,-199500.000,287000.000,0.000,3140.000,270.000
OR38,6.49K/4/1,-199500.000,315000.000,0.000,3140.000,270.000
OR39,75K/4/1,-199500.000,307000.000,0.000,3140.000,270.000
OR40,10K/4/1,-199500.000,311000.000,0.000,3140.000,270.000
OR41,15K/4/1,-199500.000,303000.000,0.000,3140.000,270.000
OR42,8.2K/4,-199500.000,295000.000,0.000,3140.000,270.000
OR43,15K/4/1,-199500.000,299000.000,0.000,3140.000,270.000
OR44,10K/4/1,-209500.000,295000.000,0.000,3140.000,90.000
OR45,8.2K/4,-199500.000,291000.000,0.000,3140.000,90.000
OR46,10K/4/1/X,-172000.000,329000.000,0.000,3140.000,0.000
OR47,10K/4/1,-168000.000,329000.000,0.000,3140.000,0.000
OR48,10K/4/1/X,-164000.000,329000.000,0.000,3140.000,0.000
OR49,8.2K/4,-157500.000,236000.000,0.000,3140.000,180.000
OR5,8.2K/4,-199500.000,263500.000,0.000,3140.000,90.000
OR50,8.2K/4/X,-161500.000,236000.000,0.000,3140.000,0.000
OR7,22/4,-199500.000,269000.000,0.000,3140.000,270.000
OR8,0/4/SHT/M/X,-152000.000,213000.000,0.000,3140.000,180.000
OR9,0/4/X,-172500.000,342000.000,0.000,3140.000,0.000
ORN1,22/8P4R/4,-103000.000,257000.000,4920.000,5900.000,180.000
ORN2,1K/8P4R/4,-132500.000,321000.000,4920.000,5900.000,270.000
P2,FAN/1*4/WH/A3/PA66,-430580.000,795060.000,6920.000,30040.000,270.000
PABC1,0.1u/4/X7R/16V/K/X,-179500.000,204000.000,0.000,3140.000,270.000
PABC2,0.1u/4/X7R/16V/K/X,-167000.000,167000.000,0.000,3140.000,0.000
PABC3,0.1u/4/X7R/16V/K/X,-187500.000,204000.000,0.000,3140.000,90.000
PAC1,22p/4/NPO/50V/J/X,-184000.000,167000.000,0.000,3140.000,180.000
PAC10,0.22u/4/X5R/6.3V/K,-252000.000,206000.000,0.000,3140.000,0.000
PAC11,0.22u/4/X5R/6.3V/K,-248000.000,206000.000,0.000,3140.000,0.000
PAC12,0.22u/4/X5R/6.3V/K,-275500.000,206000.000,0.000,3140.000,0.000
PAC13,0.22u/4/X5R/6.3V/K,-271500.000,206000.000,0.000,3140.000,0.000
PAC14,0.22u/4/X5R/6.3V/K,-291000.000,206000.000,0.000,3140.000,0.000
PAC15,0.22u/4/X5R/6.3V/K,-287000.000,206000.000,0.000,3140.000,0.000
PAC16,0.22u/4/X5R/6.3V/K,-307000.000,206000.000,0.000,3140.000,0.000
PAC17,0.22u/4/X5R/6.3V/K,-303000.000,206000.000,0.000,3140.000,0.000
PAC18,0.22u/4/X5R/6.3V/K,-319000.000,206000.000,0.000,3140.000,0.000
PAC19,0.22u/4/X5R/6.3V/K,-323000.000,206000.000,0.000,3140.000,0.000
PAC20,0.22u/4/X5R/6.3V/K,-345500.000,206000.000,0.000,3140.000,0.000
PAC21,0.22u/4/X5R/6.3V/K,-341500.000,206000.000,0.000,3140.000,0.000
PAC22,0.22u/4/X5R/6.3V/K,-361500.000,206000.000,0.000,3140.000,0.000
PAC23,0.22u/4/X5R/6.3V/K,-357500.000,206000.000,0.000,3140.000,0.000
PAC24,0.22u/4/X5R/6.3V/K,-377500.000,206000.000,0.000,3140.000,0.000
PAC25,0.22u/4/X5R/6.3V/K,-373500.000,206000.000,0.000,3140.000,0.000
PAC26,0.22u/4/X5R/6.3V/K,-389500.000,206000.000,0.000,3140.000,0.000
PAC27,0.22u/4/X5R/6.3V/K,-393500.000,206000.000,0.000,3140.000,0.000
PAC28,0.22u/4/X5R/6.3V/K,-405500.000,206000.000,0.000,3140.000,0.000
PAC29,0.22u/4/X5R/6.3V/K,-409500.000,206000.000,0.000,3140.000,0.000
PAC30,0.22u/4/X5R/6.3V/K,-425000.000,206000.000,0.000,3140.000,0.000
PAC31,0.22u/4/X5R/6.3V/K,-421000.000,206000.000,0.000,3140.000,0.000
PAC32,0.22u/4/X5R/6.3V/K,-440500.000,206000.000,0.000,3140.000,0.000
PAC33,0.22u/4/X5R/6.3V/K,-436500.000,206000.000,0.000,3140.000,0.000
PAC34,0.22u/4/X5R/6.3V/K,-452000.000,206000.000,0.000,3140.000,0.000
PAC35,0.22u/4/X5R/6.3V/K,-456000.000,206000.000,0.000,3140.000,0.000
PAC4,0.22u/4/X5R/6.3V/K,-200500.000,206000.000,0.000,3140.000,0.000
PAC5,0.22u/4/X5R/6.3V/K,-204500.000,206000.000,0.000,3140.000,0.000
PAC6,0.22u/4/X5R/6.3V/K,-220000.000,206000.000,0.000,3140.000,0.000
PAC7,0.22u/4/X5R/6.3V/K,-216000.000,206000.000,0.000,3140.000,0.000
PAC8,0.22u/4/X5R/6.3V/K,-236000.000,206000.000,0.000,3140.000,0.000
PAC9,0.22u/4/X5R/6.3V/K,-232000.000,206000.000,0.000,3140.000,0.000
PAR1,0/4/SHT/M/X,-142500.000,205500.000,0.000,3140.000,90.000
PAR2,0/4/SHT/M/X,-155000.000,205000.000,0.000,3140.000,90.000
PAR3,0/4/SHT/M/X,-153000.000,166000.000,0.000,3140.000,180.000
PARN1,0/8P4R/0402/SHT/X,-136000.000,165000.000,4920.000,5900.000,270.000
PARN2,0/8P4R/4/X,-146000.000,165000.000,4920.000,5900.000,270.000
PARN3,0/8P4R/0402/SHT/X,-142000.000,84000.000,4920.000,5900.000,270.000
PARN4,0/8P4R/4/X,-132000.000,84000.000,4920.000,5900.000,270.000
PARN5,0/8P4R/0402/SHT/X,-132000.000,48500.000,4920.000,5900.000,90.000
PARN6,0/8P4R/4/X,-142000.000,48500.000,4920.000,5900.000,90.000
PCH,BD82B81/S,-451500.000,77000.000,81216.000,85152.000,270.000
PCH_HS,PCH_HS,-451500.000,77000.000,161430.000,112230.000,180.000
PCIEX16,PCI-E/16X-164P/BK/LONG DOUBLE,-306430.000,186075.000,25590.000,333860.000,270.000
PCIEX1_2,PCI-E/1X-36P/BK/OL,-180445.000,26075.000,25590.000,81890.000,270.000
PIC1,0.1u/4/X7R/16V/K,-201500.000,86000.000,0.000,3140.000,0.000
PIC2,0.1u/4/X7R/16V/K,-205500.000,86000.000,0.000,3140.000,0.000
PIR1,0/4/SHT/M/X,-151000.000,84500.000,0.000,3140.000,180.000
PIR2,0/4/SHT/M/X,-154500.000,125500.000,0.000,3140.000,0.000
PJC1,0.1u/4/X7R/16V/K,-201000.000,45500.000,0.000,3140.000,180.000
PJC2,0.1u/4/X7R/16V/K,-204500.000,45500.000,0.000,3140.000,180.000
PJR1,0/4/SHT/M/X,-151500.000,6500.000,0.000,3140.000,180.000
PJR2,0/4/SHT/M/X,-151500.000,48000.000,0.000,3140.000,180.000
PPC1,0.1u/4/X7R/16V/K/X,-112500.000,35500.000,0.000,3140.000,270.000
PPC12,0.1u/4/X7R/16V/K/X,-167000.000,6500.000,0.000,3140.000,0.000
PPC13,0.1u/4/X7R/16V/K/X,-176500.000,126500.000,0.000,3140.000,180.000
PPC2,1u/4/X5R/6.3V/K/X,-174000.000,84500.000,0.000,3140.000,0.000
PPC3,22p/4/NPO/50V/J/X,-183500.000,126500.000,0.000,3140.000,0.000
Q11,MASK/MMBT2222A/SOT23/600mA/40/X,-564000.000,415000.000,9260.000,7480.000,270.000
Q28,2N7002/SOT23/25pF/5,-567000.000,-7500.000,9260.000,7480.000,0.000
Q29,MMBT2222A/SOT23/600mA/40,-525500.000,-33000.000,9260.000,7480.000,0.000
Q30,MMBT2222A/SOT23/600mA/40,-567000.000,-31000.000,9260.000,7480.000,0.000
Q42,AP431N/SOT23/150mA/X,-206000.000,329500.000,9260.000,7480.000,0.000
Q47,2N7002/SOT23/25pF/5,-27000.000,584000.000,9260.000,7480.000,0.000
Q48,2N7002/SOT23/25pF/5,-27000.000,599500.000,9260.000,7480.000,0.000
Q53,NTMFS4C10NT1G/PPAK/970pF/7.3m,-559500.000,712000.000,22500.000,15000.000,270.000
Q57,MASK/MMBT2222A/SOT23/600mA/40/X,-281500.000,107500.000,9260.000,7480.000,0.000
Q59,MASK/MMBT2222A/SOT23/600mA/40/X,-265000.000,107500.000,9260.000,7480.000,0.000
Q61,L1085DG/TO252/5A,-315500.000,20700.000,24600.000,18000.000,270.000
Q65,BAT54C/SOT23/200mA/X,-583500.000,678500.000,9260.000,7480.000,270.000
Q66,MASK/MMBT2222A/SOT23/600mA/40/X,-564000.000,442000.000,9260.000,7480.000,270.000
Q67,MASK/PMBT2907A/SOT23/-600mA/50/X,-550500.000,442000.000,9260.000,7480.000,270.000
Q69,P2003ED/P/TO252/30m,-553500.000,538200.000,24600.000,18000.000,270.000
Q73,MASK/MMBT2222A/SOT23/600mA/40/X,-550500.000,415000.000,9260.000,7480.000,270.000
Q83,MASK/MMBT2222A/SOT23/600mA/40/X,-281500.000,125500.000,9260.000,7480.000,0.000
Q84,MASK/MMBT2222A/SOT23/600mA/40/X,-265000.000,125500.000,9260.000,7480.000,0.000
Q86,2N7002/SOT23/25pF/5,-550500.000,459000.000,9260.000,7480.000,270.000
Q87,MMBT2222A/SOT23/600mA/40,-564000.000,459000.000,9260.000,7480.000,270.000
Q9,MMBT2222A/SOT23/600mA/40,-100000.000,70500.000,9260.000,7480.000,270.000
R144,2.2K/4/1,-39000.000,584000.000,0.000,3140.000,270.000
R145,2.2K/4/1,-39000.000,599000.000,0.000,3140.000,270.000
R146,2.2K/4/1,-39000.000,588500.000,0.000,3140.000,270.000
R147,2.2K/4/1,-39000.000,604500.000,0.000,3140.000,270.000
R150,75/4/1,-39000.000,627500.000,0.000,3140.000,270.000
R151,75/4/1,-39000.000,622500.000,0.000,3140.000,270.000
R152,75/4/1,-39000.000,617500.000,0.000,3140.000,270.000
R168,330/4/1,-408500.000,-40500.000,0.000,3140.000,0.000
R169,100/4/1,-383000.000,281500.000,0.000,3140.000,270.000
R170,8.2K/4,-391000.000,281500.000,0.000,3140.000,90.000
R171,470/4/1,-408500.000,-31500.000,0.000,3140.000,180.000
R172,8.2K/4,-444000.000,-23000.000,0.000,3140.000,180.000
R175,33/4,-444000.000,-14000.000,0.000,3140.000,180.000
R178,8.2K/4,-571000.000,1500.000,0.000,3140.000,90.000
R179,1K/4/1,-563000.000,1500.000,0.000,3140.000,270.000
R181,100/4/1,-462000.000,-14500.000,0.000,3140.000,180.000
R182,1K/4/1,-563000.000,-40000.000,0.000,3140.000,270.000
R183,499/4/1,-249500.000,309500.000,0.000,3140.000,90.000
R184,10K/4/1,-249500.000,315000.000,0.000,3140.000,270.000
R185,75/4/1,-529500.000,-43000.000,0.000,3140.000,90.000
R186,8.2K/4,-571000.000,-40000.000,0.000,3140.000,270.000
R187,75/4/1,-521500.000,-43000.000,0.000,3140.000,270.000
R188,8.2K/4,-209500.000,303000.000,0.000,3140.000,270.000
R189,5.23K/4/1,-219500.000,309500.000,0.000,3140.000,270.000
R191,13.7K/4/1,-227500.000,309500.000,0.000,3140.000,90.000
R192,10K/4/1,-249500.000,286500.000,0.000,3140.000,90.000
R198,499/4/1,-252000.000,297000.000,0.000,3140.000,180.000
R199,10K/4/1,-247500.000,297000.000,0.000,3140.000,180.000
R222,8.2K/4,-551500.000,178500.000,0.000,3140.000,180.000
R223,100/4/1,-555500.000,178500.000,0.000,3140.000,180.000
R225,1K/4/1/X,-287500.000,116500.000,0.000,3140.000,270.000
R226,8.2K/4/X,-294000.000,105000.000,0.000,3140.000,0.000
R227,330/4/1/X,-261500.000,134500.000,0.000,3140.000,270.000
R228,1K/4/1/X,-277500.000,116500.000,0.000,3140.000,270.000
R229,8.2K/4/X,-269500.000,98500.000,0.000,3140.000,270.000
R3,330/4/1,-278500.000,134500.000,0.000,3140.000,270.000
R300,220/6/X,-221500.000,337000.000,0.000,5600.000,90.000
R313,1K/4/1/X,-247000.000,54500.000,0.000,3140.000,270.000
R314,1K/4/1/X,-252000.000,86000.000,0.000,3140.000,270.000
R324,1K/4/1,-469500.000,272000.000,0.000,3140.000,0.000
R326,22K/4,-509000.000,18500.000,0.000,3140.000,270.000
R34,3.3K/4/1,-191500.000,-17500.000,0.000,3140.000,0.000
R340,8.2K/4,-574000.000,700500.000,0.000,3140.000,180.000
R341,1K/4/1,-469500.000,280000.000,0.000,3140.000,0.000
R357,2.2/6,-580000.000,702500.000,0.000,5600.000,0.000
R360,22K/4,-573000.000,457000.000,0.000,3140.000,180.000
R37,15K/4/1,-195500.000,-17500.000,0.000,3140.000,180.000
R371,3K/4/1,-588000.000,722500.000,0.000,3140.000,180.000
R372,32.4K/4/1,-574500.000,692000.000,0.000,3140.000,0.000
R373,2.2/6,-544500.000,702000.000,0.000,5600.000,180.000
R374,0/6/SHT/M/X,-448500.000,292500.000,0.000,5600.000,180.000
R38,6.2K/4/1,-199500.000,-17500.000,0.000,3140.000,0.000
R380,3.3K/4/1,-603000.000,722500.000,0.000,3140.000,180.000
R381,2.2/6,-608000.000,684500.000,0.000,5600.000,0.000
R383,150K/4/X,-558500.000,427500.000,0.000,3140.000,180.000
R384,1M/4/1/X,-549000.000,427500.000,0.000,3140.000,180.000
R387,100/4/1,-297500.000,18000.000,0.000,3140.000,0.000
R388,1K/4/1,-545000.000,427500.000,0.000,3140.000,180.000
R389,1K/4/1,-557500.000,479500.000,0.000,3140.000,0.000
R390,8.2K/4,-606000.000,619000.000,0.000,3140.000,270.000
R393,8.2K/4/X,-570500.000,427500.000,0.000,3140.000,180.000
R394,330K/4/1,-562500.000,427500.000,0.000,3140.000,180.000
R395,169/4/1,-297500.000,9500.000,0.000,3140.000,0.000
R396,20K/4/1,-574000.000,717500.000,0.000,3140.000,0.000
R398,1K/4/1,-566500.000,427500.000,0.000,3140.000,180.000
R399,100K/4/1/X,-553500.000,479500.000,0.000,3140.000,0.000
R4,0/4/SHT/M/X,-288000.000,134500.000,0.000,3140.000,270.000
R403,1K/4/1/X,-294000.000,123000.000,0.000,3140.000,0.000
R404,1K/4/1/X,-269500.000,116500.000,0.000,3140.000,270.000
R424,8.2K/4/X,-551000.000,402500.000,0.000,3140.000,180.000
R5009,0/4/SHT/M/X,-210000.000,338500.000,0.000,3140.000,270.000
R5015,8.2K/4,-557500.000,471500.000,0.000,3140.000,180.000
R5016,17.4K/4/1,-608500.000,722500.000,0.000,3140.000,180.000
R5017,13.3K/4/1,-608500.000,713500.000,0.000,3140.000,180.000
R5018,0/4/SHT/M/X,-209000.000,287000.000,0.000,3140.000,270.000
R5019,16.9K/4/1,-595500.000,730000.000,0.000,3140.000,270.000
R56,82/6,-29500.000,736500.000,0.000,5600.000,180.000
R57,82/6,-35500.000,736500.000,0.000,5600.000,180.000
R58,82/6,-47500.000,736500.000,0.000,5600.000,180.000
R59,82/6,-41500.000,736500.000,0.000,5600.000,180.000
R60,0/6/SHT/M/X,-429500.000,782500.000,0.000,5600.000,90.000
R62,3.3K/4/1,-462500.000,801000.000,0.000,3140.000,180.000
R63,15K/4/1,-458000.000,801000.000,0.000,3140.000,180.000
R64,6.2K/4/1,-398000.000,800000.000,0.000,3140.000,180.000
R65,100/4/1,-406000.000,800000.000,0.000,3140.000,0.000
R657,680/4/1,-593500.000,722500.000,0.000,3140.000,180.000
R658,0/4/X,-584000.000,722500.000,0.000,3140.000,180.000
R659,0/4/SHT/M/X,-579500.000,726000.000,0.000,3140.000,0.000
R672,8.2K/4/X,-247000.000,50000.000,0.000,3140.000,270.000
R673,8.2K/4/X,-261500.000,98500.000,0.000,3140.000,90.000
R703,330/4/1,-97500.000,60000.000,0.000,3140.000,90.000
R704,8.2K/4/X,-568500.000,402500.000,0.000,3140.000,180.000
R705,825/4/1/X,-555500.000,402500.000,0.000,3140.000,0.000
R706,8.2K/4/X,-564000.000,402500.000,0.000,3140.000,180.000
R707,0/6/X,14500.000,745500.000,0.000,5600.000,270.000
R76,8.2K/4,-208000.000,-17500.000,0.000,3140.000,180.000
R97,8.2K/4,-569000.000,471500.000,0.000,3140.000,0.000
RB_TP,TP/X,-207000.000,247500.000,0.000,0.000,0.000
RN1,8.2K/8P4R/6,-42000.000,723500.000,6700.000,9440.000,90.000
RN2,2.7K/8P4R/4,-112000.000,72000.000,4920.000,5900.000,0.000
RN22,100/8P4R/6,-589500.000,389500.000,6700.000,9440.000,270.000
RN23,100/8P4R/6,-569500.000,389000.000,6700.000,9440.000,270.000
RN3,2.7K/8P4R/4,-112000.000,62000.000,4920.000,5900.000,0.000
RN4,2.7K/8P4R/4,-112000.000,52000.000,4920.000,5900.000,0.000
RN5,2.7K/8P4R/4,-112000.000,82000.000,4920.000,5900.000,0.000
RN6,2.7K/8P4R/4,-112000.000,42500.000,4920.000,5900.000,0.000
RS1,100K/1/4/S/X,-262500.000,784000.000,0.000,3140.000,0.000
RS2,100K/1/4/S,-173500.000,784000.000,0.000,3140.000,0.000
RS3,100K/1/4/S/X,-97500.000,606000.000,0.000,3140.000,90.000
RS_SYS,10K/1/4/S,-81500.000,-26000.000,0.000,3140.000,0.000
R_USB30,USB/18P/BU/OS/RA/D/2/1U/SB,-6650.000,475664.000,26384.000,51740.000,0.000
SATA2_2,SATA2/7/BK/H/OP/VA/D/1/B,-598900.000,349050.000,9800.000,50500.000,180.000
SATA3_0,SATA2/7/WH/H/OP/VA/D/1/B/PA66,-598900.000,282450.000,9800.000,50500.000,180.000
SATA3_1,SATA2/7/WH/H/OP/VA/D/1/B/PA66,-562900.000,282450.000,9800.000,50500.000,180.000
SIO,IT8620E/BX/S,-146000.000,278000.000,61024.000,61024.000,90.000
SYS_FAN,FAN/1*4/BK/A3/PA66,-188420.000,-31060.000,6920.000,30040.000,90.000
U1,LM358DR/SO8,-229300.000,295700.000,20200.000,15000.000,180.000
U18,20K/4/1/X,-574000.000,709000.000,0.000,3140.000,0.000
U6,RT9199PSP/SO8/1.8A,-448000.000,276000.000,21760.000,15000.000,0.000
U8,SATA2/7/BK/H/OP/VA/D/1/B,-562900.000,349050.000,9800.000,50500.000,180.000
U8#2,RT8120DGS/SOP8,-594000.000,702500.000,21160.000,15000.000,270.000
UBC1,0.1u/4/X7R/16V/K,-316000.000,-11000.000,0.000,3140.000,180.000
UBC10,0.1u/4/X7R/16V/K,-44500.000,472500.000,0.000,3140.000,270.000
UBC11,0.1u/4/X7R/16V/K,-44500.000,476500.000,0.000,3140.000,90.000
UBC12,0.1u/4/X7R/16V/K,-44500.000,480500.000,0.000,3140.000,90.000
UBC2,0.1u/4/X7R/16V/K,-312000.000,-11000.000,0.000,3140.000,180.000
UBC3,0.1u/4/X7R/16V/K,-259000.000,-11000.000,0.000,3140.000,180.000
UBC4,0.1u/4/X7R/16V/K,-255000.000,-11000.000,0.000,3140.000,180.000
UBC9,0.1u/4/X7R/16V/K,-44500.000,468500.000,0.000,3140.000,270.000
UBEC2,100u/D/10V/57,-55500.000,790000.000,11243.000,10000.000,0.000
UBESD3,AZC099-04S/SOT23-6L,-50500.000,411000.000,7480.000,10196.000,270.000
UD5,BAT54A/SOT23/200mA,-36000.000,489500.000,9260.000,7480.000,180.000
UEC4,100u/D/10V/57,-55500.000,515500.000,11243.000,10000.000,0.000
UEC6,100u/D/10V/57,-339000.000,-37000.000,11243.000,10000.000,0.000
UESD5,AZ1045-04F/MSOP10,-32000.000,476500.000,3640.000,7880.000,180.000
UESD6,AZ1045-04F/MSOP10,-32000.000,465500.000,3640.000,7880.000,180.000
UR1,8.2K/4,-272500.000,-11000.000,0.000,3140.000,180.000
UR2,15K/4/1,-277000.000,-11000.000,0.000,3140.000,180.000
UR3,8.2K/4,-56500.000,498500.000,0.000,3140.000,90.000
UR4,15K/4/1,-44000.000,498500.000,0.000,3140.000,90.000
USB_LAN,USB+LAN/1G/GO,Y/OS/RA/D/12C/ES,-21353.000,364921.000,71460.000,73620.000,180.000
VGA,VGA/BK/SC-11/RA/D/L,24626.000,630963.000,15800.000,98426.000,180.000
WBC1,22u/8/X5R/6.3V/M,-273000.000,686500.000,0.000,7880.000,0.000
WBC102,1n/4/X7R/50V/K,-280500.000,683500.000,0.000,3140.000,180.000
WBC11,22u/8/X5R/6.3V/M,-261500.000,500000.000,0.000,7880.000,270.000
WBC13,0.1u/4/X7R/16V/K,-283000.000,493400.000,0.000,3140.000,90.000
WBC19,MASK/22u/8/X5R/6.3V/M/X,-278000.000,524500.000,0.000,7880.000,270.000
WBC2,1n/4/X7R/50V/K,-304500.000,701000.000,0.000,3140.000,0.000
WBC20,22u/8/X5R/6.3V/M,-278000.000,557000.000,0.000,7880.000,270.000
WBC21,22u/8/X5R/6.3V/M,-261500.000,524500.000,0.000,7880.000,90.000
WBC23,0.1u/4/X7R/16V/K,-274500.000,493400.000,0.000,3140.000,270.000
WBC24,MASK/22u/8/X5R/6.3V/M/X,-294500.000,524500.000,0.000,7880.000,90.000
WBC25,MASK/22u/8/X5R/6.3V/M/X,-294500.000,532500.000,0.000,7880.000,90.000
WBC26,MASK/22u/8/X5R/6.3V/M/X,-294500.000,540500.000,0.000,7880.000,90.000
WBC27,MASK/22u/8/X5R/6.3V/M/X,-294500.000,549000.000,0.000,7880.000,90.000
WBC28,MASK/22u/8/X5R/6.3V/M/X,-294500.000,500500.000,0.000,7880.000,90.000
WBC29,MASK/22u/8/X5R/6.3V/M/X,-294500.000,508500.000,0.000,7880.000,90.000
WBC30,MASK/22u/8/X5R/6.3V/M/X,-294500.000,516500.000,0.000,7880.000,90.000
WBC31,MASK/22u/8/X5R/6.3V/M/X,-294500.000,565500.000,0.000,7880.000,90.000
WBC32,MASK/22u/8/X5R/6.3V/M/X,-294500.000,557000.000,0.000,7880.000,90.000
WBC33,0.1u/4/X7R/16V/K/X,-291000.000,683500.000,0.000,3140.000,180.000
WBC34,0.1u/4/X7R/16V/K/X,-298000.000,692500.000,0.000,3140.000,180.000
WBC35,22u/8/X5R/6.3V/M,-261500.000,508000.000,0.000,7880.000,90.000
WBC36,MASK/22u/8/X5R/6.3V/M/X,-278000.000,508500.000,0.000,7880.000,270.000
WBC37,MASK/22u/8/X5R/6.3V/M/X,-278000.000,516500.000,0.000,7880.000,90.000
WBC38,22u/8/X5R/6.3V/M,-261500.000,516500.000,0.000,7880.000,270.000
WBC39,22u/8/X5R/6.3V/M,-278000.000,549000.000,0.000,7880.000,90.000
WBC40,22u/8/X5R/6.3V/M,-261500.000,532500.000,0.000,7880.000,270.000
WBC41,22u/8/X5R/6.3V/M,-261500.000,540500.000,0.000,7880.000,90.000
WBC42,22u/8/X5R/6.3V/M,-261500.000,557000.000,0.000,7880.000,90.000
WBC43,22u/8/X5R/6.3V/M,-261500.000,548500.000,0.000,7880.000,270.000
WBC44,MASK/22u/8/X5R/6.3V/M/X,-278000.000,540500.000,0.000,7880.000,270.000
WBC46,MASK/22u/8/X5R/6.3V/M/X,-278000.000,532500.000,0.000,7880.000,90.000
WBC47,1n/4/X7R/50V/K,-368500.000,718500.000,0.000,3140.000,0.000
WBC6,22u/8/X5R/6.3V/M,-278000.000,565500.000,0.000,7880.000,90.000
WBC7,MASK/22u/8/X5R/6.3V/M/X,-278000.000,500000.000,0.000,7880.000,90.000
WBC9,22u/8/X5R/6.3V/M,-261500.000,565500.000,0.000,7880.000,270.000
WC3,0.1u/4/X7R/16V/K,-291000.000,692500.000,0.000,3140.000,180.000
WC4,0.1u/4/X7R/16V/K/X,-469000.000,587500.000,0.000,3140.000,0.000
WR1,0/4/SHT/M/X,-239500.000,691500.000,0.000,3140.000,0.000
WR12,49.9/4/1,-229500.000,436000.000,0.000,3140.000,180.000
WR15,24.9/4/1,-233500.000,442000.000,0.000,3140.000,180.000
WR18,49.9/4/1,-235500.000,434000.000,0.000,3140.000,270.000
WR19,75/4/1,-237500.000,442000.000,0.000,3140.000,0.000
WR2,115/4/1,-243500.000,700500.000,0.000,3140.000,0.000
WR22,100/4/1,-241500.000,442000.000,0.000,3140.000,0.000
WR23,24.9/4/1,-243500.000,434000.000,0.000,3140.000,90.000
WR24,49.9/4/1,-266000.000,683000.000,0.000,3140.000,180.000
WR25,1K/4/1,-274000.000,701500.000,0.000,3140.000,180.000
WR28,100/4/1,-245500.000,442000.000,0.000,3140.000,0.000
WR34,150/4/1,-261500.000,683000.000,0.000,3140.000,180.000
WR4,75/4/1,-248000.000,700500.000,0.000,3140.000,0.000
WR5,44.2/4/1,-243500.000,691500.000,0.000,3140.000,0.000
WR60,100/4/1,-291000.000,701000.000,0.000,3140.000,0.000
WR61,0/4/SHT/M/X,-465000.000,587500.000,0.000,3140.000,0.000
WR62,100/4/1,-296000.000,701000.000,0.000,3140.000,0.000
WR63,0/4/SHT/M/X,-312000.000,366000.000,0.000,3140.000,180.000
WR64,0/4/SHT/M/X,-316500.000,358000.000,0.000,3140.000,180.000
WR65,0/4/X,-316500.000,366000.000,0.000,3140.000,0.000
WR66,3.16K/4/1,-303000.000,366000.000,0.000,3140.000,0.000
WR67,6.04K/4/1,-307500.000,366000.000,0.000,3140.000,180.000
WR68,1K/4/1,-253000.000,683000.000,0.000,3140.000,0.000
WR7,0/4/SHT/M/X,-248000.000,691500.000,0.000,3140.000,0.000
WR8,1K/4/1,-257500.000,683000.000,0.000,3140.000,180.000
WRN14,51/8P4R/4,-257000.000,693000.000,4920.000,5900.000,0.000
WTP1,TP/X,-266200.000,479600.000,0.000,0.000,0.000
WTP2,TP/X,-277100.000,483100.000,0.000,0.000,0.000
WTP3,TP/X,-284999.000,487700.000,0.000,0.000,0.000
WTP4,TP/X,-243500.000,483000.000,0.000,0.000,0.000
WTP5,TP/X,-243500.000,493500.000,0.000,0.000,0.000
WTP6,TP/X,-236500.000,497500.000,0.000,0.000,0.000
WTP7,TP/X,-289000.000,575500.000,0.000,0.000,0.000
Y41,HOLE_3/X,-611387.000,800887.000,23225.000,22225.000,0.000
